INSERT INTO `game_event` (`event_id`, `start_time`, `length`, `occurence`, `name`) VALUES
(7, 1320613200, 32400, 86400, 'Pyrewood Village spawn and despawn');

-- I've used original sql ids, which are same with their daylight spawn, which is in creature_spawns table

INSERT INTO `game_event_creature_spawns` (`event_id`, `id`, `entry`, `map`, `position_x`, `position_y`, `position_z`, `orientation`, `movetype`, `displayid`, `faction`, `flags`, `bytes0`, `bytes1`, `bytes2`, `emote_state`, `npc_respawn_link`, `channel_spell`, `channel_target_sqlid`, `channel_target_sqlid_creature`, `standstate`, `death_state`, `mountdisplayid`, `slot1item`, `slot2item`, `slot3item`, `CanFly`, `phase`) VALUES
(7, 13999, 1892, 0, -405.033, 1458.8, 27.0968, 0.15708, 0, 574, 16, 32768, 16777472, 0, 4353, 0, 0, 0, 0, 0, 0, 0, 0, 1896, 1961, 5258, 0, 1),
(7, 14000, 1892, 0, -350.427, 1448.5, 24.3665, 4.72984, 1, 574, 16, 32768, 16777472, 0, 4353, 0, 0, 0, 0, 0, 0, 0, 0, 1896, 1961, 5258, 0, 1),
(7, 14001, 1892, 0, -370.983, 1576.35, 16.981, 1.98656, 0, 574, 16, 32768, 16777472, 0, 4353, 0, 0, 0, 0, 0, 0, 0, 0, 1896, 1961, 5258, 0, 1),
(7, 14002, 1892, 0, -377.63, 1491.95, 18.4887, 5.32325, 1, 574, 16, 32768, 16777472, 0, 4353, 0, 0, 0, 0, 0, 0, 0, 0, 1896, 1961, 5258, 0, 1),
(7, 14003, 1892, 0, -381.301, 1653.14, 17.7911, 4.4855, 1, 574, 16, 32768, 16777472, 0, 4353, 0, 0, 0, 0, 0, 0, 0, 0, 1896, 1961, 5258, 0, 1),
(7, 14004, 1892, 0, -354.378, 1421.62, 28.2597, 5.14872, 1, 574, 16, 32768, 16777472, 0, 4353, 0, 0, 0, 0, 0, 0, 0, 0, 1896, 1961, 5258, 0, 1),
(7, 14005, 1892, 0, -432.435, 1531.27, 18.7313, 4.20121, 1, 574, 16, 32768, 16777472, 0, 4353, 0, 0, 0, 0, 0, 0, 0, 0, 1896, 1961, 5258, 0, 1),
(7, 14006, 1892, 0, -350.822, 1606.93, 18.0028, 3.78911, 1, 574, 16, 32768, 16777472, 0, 4353, 0, 0, 0, 0, 0, 0, 0, 0, 1896, 1961, 5258, 0, 1),
(7, 14007, 1892, 0, -416.268, 1576.92, 19.5441, 3.61468, 1, 574, 16, 32768, 16777472, 0, 4353, 0, 0, 0, 0, 0, 0, 0, 0, 1896, 1961, 5258, 0, 1),
(7, 14008, 1892, 0, -439.617, 1517.84, 19.5619, 3.33314, 1, 574, 16, 32768, 16777472, 0, 4353, 0, 0, 0, 0, 0, 0, 0, 0, 1896, 1961, 5258, 0, 1),
(7, 14009, 1892, 0, -358.11, 1528.2, 24.9468, 1.18862, 1, 574, 16, 32768, 16777472, 0, 4353, 0, 0, 0, 0, 0, 0, 0, 0, 1896, 1961, 5258, 0, 1),
(7, 14010, 1892, 0, -433.404, 1564.13, 19.7291, 1.48262, 1, 574, 16, 32768, 16777472, 0, 4353, 0, 0, 0, 0, 0, 0, 0, 0, 1896, 1961, 5258, 0, 1),
(7, 14011, 1892, 0, -363.818, 1545.45, 24.4813, 3.24746, 1, 574, 16, 32768, 16777472, 0, 4353, 0, 0, 0, 0, 0, 0, 0, 0, 1896, 1961, 5258, 0, 1),
(7, 14012, 1892, 0, -345.242, 1601.84, 17.0845, 2.23485, 1, 574, 16, 32768, 16777472, 0, 4353, 0, 0, 0, 0, 0, 0, 0, 0, 1896, 1961, 5258, 0, 1),
(7, 14013, 1893, 0, -404.028, 1460.9, 31.7653, 5.84685, 0, 564, 16, 32768, 16777472, 0, 4353, 0, 0, 0, 0, 0, 0, 0, 0, 1899, 1957, 0, 0, 1),
(7, 14014, 1893, 0, -410.983, 1453.18, 31.679, 5.59007, 1, 564, 16, 32768, 16777472, 0, 4353, 0, 0, 0, 0, 0, 0, 0, 0, 1899, 1957, 0, 0, 1),
(7, 14015, 1893, 0, -333.219, 1548.41, 25.2864, 4.7729, 0, 564, 16, 32768, 16777472, 0, 4353, 0, 0, 0, 0, 0, 0, 0, 0, 1899, 1957, 0, 0, 1),
(7, 14016, 1893, 0, -339.031, 1547.76, 30.0369, 3.83411, 1, 564, 16, 32768, 16777472, 0, 4353, 0, 0, 0, 0, 0, 0, 0, 0, 1899, 1957, 0, 0, 1),
(7, 14017, 1893, 0, -341.711, 1553.34, 24.5273, 3.26377, 0, 564, 16, 32768, 16777472, 0, 4353, 0, 0, 0, 0, 0, 0, 0, 0, 1899, 1957, 0, 0, 1),
(7, 14018, 1893, 0, -380.605, 1435.24, 25.7369, 5.98648, 0, 564, 16, 32768, 16777472, 0, 4353, 0, 0, 0, 0, 0, 0, 0, 0, 1899, 1957, 0, 0, 1),
(7, 14019, 1893, 0, -378.287, 1655.98, 10.346, 2.89725, 1, 564, 16, 32768, 16777472, 0, 4353, 0, 0, 0, 0, 0, 0, 0, 0, 1899, 1957, 0, 0, 1),
(7, 14020, 1893, 0, -411.642, 1509.01, 19.8575, 1.55334, 0, 564, 16, 32768, 16777472, 0, 4353, 0, 0, 0, 0, 0, 0, 0, 0, 1899, 1957, 0, 0, 1),
(7, 14021, 1893, 0, -390.535, 1466.63, 25.9869, 5.34071, 0, 564, 16, 32768, 16777472, 0, 4353, 0, 0, 0, 0, 0, 0, 0, 0, 1899, 1957, 0, 0, 1),
(7, 14022, 1893, 0, -391.615, 1601.72, 17.1706, 4.86947, 0, 564, 16, 32768, 16777472, 0, 4353, 0, 0, 0, 0, 0, 0, 0, 0, 1899, 1957, 0, 0, 1),
(7, 14023, 1893, 0, -355.263, 1580.06, 18.0622, 0.078739, 0, 564, 16, 32768, 16777472, 0, 4353, 0, 0, 0, 0, 0, 0, 0, 0, 1899, 1957, 0, 0, 1),
(7, 14024, 1893, 0, -442.388, 1539.5, 19.6376, 4.53468, 1, 564, 16, 32768, 16777472, 0, 4353, 0, 0, 0, 0, 0, 0, 0, 0, 1899, 1957, 0, 0, 1),
(7, 14025, 1893, 0, -389.73, 1634.41, 17.4309, 6.20095, 0, 564, 16, 32768, 16777472, 0, 4353, 0, 0, 0, 0, 0, 0, 0, 0, 1899, 1957, 0, 0, 1),
(7, 14026, 1893, 0, -385.558, 1618.24, 24.2887, 4.07713, 1, 564, 16, 32768, 16777472, 0, 4353, 0, 0, 0, 0, 0, 0, 0, 0, 1899, 1957, 0, 0, 1),
(7, 14027, 1893, 0, -385.776, 1632.95, 24.2887, 3.83402, 0, 564, 16, 32768, 16777472, 0, 4353, 0, 0, 0, 0, 0, 0, 0, 0, 1899, 1957, 0, 0, 1),
(7, 14028, 1893, 0, -384.391, 1560.98, 17.1156, 2.65866, 1, 564, 16, 32768, 16777472, 0, 4353, 0, 0, 0, 0, 0, 0, 0, 0, 1899, 1957, 0, 0, 1),
(7, 14029, 1893, 0, -420.551, 1544.65, 18.3187, 2.70724, 0, 564, 16, 32768, 16777472, 0, 4353, 0, 0, 0, 0, 0, 0, 0, 0, 1899, 1957, 0, 0, 1),
(7, 14030, 1893, 0, -372.427, 1611.08, 24.3721, 1.32645, 0, 564, 16, 32768, 16777472, 0, 4353, 0, 0, 0, 0, 0, 0, 0, 0, 1899, 1957, 0, 0, 1),
(7, 14031, 1896, 0, -327.462, 1555.21, 25.2491, 1.61376, 0, 729, 16, 32768, 512, 0, 4353, 0, 0, 0, 0, 0, 0, 0, 0, 5303, 0, 0, 0, 1),
(7, 14032, 1896, 0, -407.955, 1451.33, 27.0859, 0.767945, 0, 729, 16, 32768, 512, 0, 4353, 0, 0, 0, 0, 0, 0, 0, 0, 5303, 0, 0, 0, 1),
(7, 14033, 1896, 0, -391.907, 1432.23, 27.0313, 6.07375, 0, 729, 16, 32768, 512, 0, 4353, 0, 0, 0, 0, 0, 0, 0, 0, 5303, 0, 0, 0, 1),
(7, 14034, 1896, 0, -344.082, 1504.01, 18.7918, 4.18879, 0, 729, 16, 32768, 512, 0, 4353, 0, 0, 0, 0, 0, 0, 0, 0, 5303, 0, 0, 0, 1),
(7, 14035, 1896, 0, -329.456, 1545.74, 30.1367, 2.26893, 0, 729, 16, 32768, 512, 0, 4353, 0, 0, 0, 0, 0, 0, 0, 0, 5303, 0, 0, 0, 1),
(7, 14036, 1896, 0, -414.124, 1581.03, 19.7275, 6.10865, 0, 729, 16, 32768, 512, 0, 4353, 0, 0, 0, 0, 0, 0, 0, 0, 5303, 0, 0, 0, 1),
(7, 14037, 1896, 0, -413.706, 1579.64, 24.2994, 2.9861, 0, 729, 16, 32768, 512, 0, 4353, 0, 0, 0, 0, 0, 0, 0, 0, 5303, 0, 0, 0, 1),
(7, 14038, 1896, 0, -423.094, 1578.33, 24.3098, 2.98749, 0, 729, 16, 32768, 512, 0, 4353, 0, 0, 0, 0, 0, 0, 0, 0, 5303, 0, 0, 0, 1),
(7, 14039, 1896, 0, -411.947, 1517.76, 19.7711, 4.86947, 0, 729, 16, 32768, 512, 0, 4353, 0, 0, 0, 0, 0, 0, 0, 0, 5303, 0, 0, 0, 1),
(7, 14040, 1896, 0, -424.202, 1543.84, 18.5687, 6.17846, 0, 729, 16, 32768, 512, 0, 4353, 0, 0, 0, 0, 0, 0, 0, 0, 5303, 0, 0, 0, 1),
(7, 14041, 1896, 0, -397.475, 1543.61, 17.1712, 3.0459, 1, 729, 16, 32768, 512, 0, 4353, 0, 0, 0, 0, 0, 0, 0, 0, 5303, 0, 0, 0, 1),
(7, 14042, 1896, 0, -378.435, 1625.51, 16.8077, 0.694863, 1, 729, 16, 32768, 512, 0, 4353, 0, 0, 0, 0, 0, 0, 0, 0, 5303, 0, 0, 0, 1),
(7, 28688, 3529, 0, -345.967, 1501.4, 18.9875, 0.942478, 0, 729, 16, 32768, 16843008, 0, 4097, 0, 0, 0, 0, 0, 0, 0, 0, 1903, 0, 0, 0, 1),
(7, 28689, 3531, 0, -360.278, 1495.03, 17.196, 0.830526, 0, 729, 16, 32768, 16777472, 0, 4097, 0, 0, 0, 0, 0, 0, 0, 0, 5280, 0, 0, 0, 1),
(7, 28690, 3533, 0, -408.091, 1604.03, 18.2868, 5.5676, 0, 729, 16, 32768, 16777472, 0, 4353, 0, 0, 0, 0, 0, 0, 0, 0, 5284, 0, 0, 0, 1);

INSERT INTO `game_event_scripts` (`event_id`, `sql_id`, `type`, `data_1`, `data_2`, `data_3`, `say_on_event_start`) VALUES
(7, 13999, 8, 0, 0, 0, ""),
(7, 14000, 8, 0, 0, 0, ""),
(7, 14001, 8, 0, 0, 0, ""),
(7, 14002, 8, 0, 0, 0, ""),
(7, 14003, 8, 0, 0, 0, ""),
(7, 14004, 8, 0, 0, 0, ""),
(7, 14005, 8, 0, 0, 0, ""),
(7, 14006, 8, 0, 0, 0, ""),
(7, 14007, 8, 0, 0, 0, ""),
(7, 14008, 8, 0, 0, 0, ""),
(7, 14009, 8, 0, 0, 0, ""),
(7, 14010, 8, 0, 0, 0, ""),
(7, 14011, 8, 0, 0, 0, ""),
(7, 14012, 8, 0, 0, 0, ""),
(7, 14013, 8, 0, 0, 0, ""),
(7, 14014, 8, 0, 0, 0, ""),
(7, 14015, 8, 0, 0, 0, ""),
(7, 14016, 8, 0, 0, 0, ""),
(7, 14017, 8, 0, 0, 0, ""),
(7, 14018, 8, 0, 0, 0, ""),
(7, 14019, 8, 0, 0, 0, ""),
(7, 14020, 8, 0, 0, 0, ""),
(7, 14021, 8, 0, 0, 0, ""),
(7, 14022, 8, 0, 0, 0, ""),
(7, 14023, 8, 0, 0, 0, ""),
(7, 14024, 8, 0, 0, 0, ""),
(7, 14025, 8, 0, 0, 0, ""),
(7, 14026, 8, 0, 0, 0, ""),
(7, 14027, 8, 0, 0, 0, ""),
(7, 14028, 8, 0, 0, 0, ""),
(7, 14029, 8, 0, 0, 0, ""),
(7, 14030, 8, 0, 0, 0, ""),
(7, 14031, 8, 0, 0, 0, ""),
(7, 14032, 8, 0, 0, 0, ""),
(7, 14033, 8, 0, 0, 0, ""),
(7, 14034, 8, 0, 0, 0, ""),
(7, 14035, 8, 0, 0, 0, ""),
(7, 14036, 8, 0, 0, 0, ""),
(7, 14037, 8, 0, 0, 0, ""),
(7, 14038, 8, 0, 0, 0, ""),
(7, 14039, 8, 0, 0, 0, ""),
(7, 14040, 8, 0, 0, 0, ""),
(7, 14041, 8, 0, 0, 0, ""),
(7, 14042, 8, 0, 0, 0, ""),
(7, 28688, 8, 0, 0, 0, ""),
(7, 28689, 8, 0, 0, 0, ""),
(7, 28690, 8, 0, 0, 0, "");

INSERT INTO `game_event_creature_waypoints` (`event_id`, `spawnid`, `waypointid`, `position_x`, `position_y`, `position_z`, `waittime`, `flags`, `forwardemoteoneshot`, `forwardemoteid`, `backwardemoteoneshot`, `backwardemoteid`, `forwardskinid`, `backwardskinid`) VALUES
(7, 14000, 1, -352.412, 1453.63, 23.352, 2000, 0, 0, 0, 0, 0, 0, 0),
(7, 14000, 2, -363.212, 1455.75, 22.8887, 2000, 0, 0, 0, 0, 0, 0, 0),
(7, 14000, 3, -349.697, 1446.75, 24.4264, 1000, 0, 0, 0, 0, 0, 0, 0),
(7, 14000, 4, -350.241, 1439.9, 25.5191, 6000, 0, 0, 0, 0, 0, 0, 0),
(7, 14001, 1, -369.528, 1579.13, 16.7635, 0, 0, 1, 0, 1, 0, 0, 0),
(7, 14001, 2, -373.283, 1583.28, 17.0719, 0, 0, 1, 0, 1, 0, 0, 0),
(7, 14001, 3, -379.125, 1589.27, 17.2074, 0, 0, 1, 0, 1, 0, 0, 0),
(7, 14001, 4, -386.196, 1593.8, 16.7519, 0, 0, 1, 0, 1, 0, 0, 0),
(7, 14001, 5, -393.498, 1588.07, 17.14, 0, 0, 1, 0, 1, 0, 0, 0),
(7, 14001, 6, -393.727, 1578.74, 17.8782, 0, 0, 1, 0, 1, 0, 0, 0),
(7, 14001, 7, -390.327, 1570.57, 16.9751, 0, 0, 1, 0, 1, 0, 0, 0),
(7, 14001, 8, -382.065, 1570.48, 16.9684, 0, 0, 1, 0, 1, 0, 0, 0),
(7, 14001, 9, -379.721, 1572.01, 16.8093, 0, 0, 1, 0, 1, 0, 0, 0),
(7, 14002, 1, -364.63, 1491.97, 17.2897, 2000, 0, 0, 0, 0, 0, 0, 0),
(7, 14002, 2, -376.073, 1489.87, 18.1547, 3000, 0, 0, 0, 0, 0, 0, 0),
(7, 14002, 3, -379.087, 1487.17, 18.4707, 6000, 0, 0, 0, 0, 0, 0, 0),
(7, 14002, 4, -380.56, 1495.36, 18.5407, 1000, 0, 0, 0, 0, 0, 0, 0),
(7, 14003, 1, -393.498, 1655.88, 17.7257, 6000, 0, 0, 0, 0, 0, 0, 0),
(7, 14003, 2, -392.27, 1656.6, 18.6162, 7000, 0, 0, 0, 0, 0, 0, 0),
(7, 14003, 3, -387.953, 1651.73, 16.9813, 6000, 0, 0, 0, 0, 0, 0, 0),
(7, 14003, 4, -376.392, 1665.07, 18.3697, 6000, 0, 0, 0, 0, 0, 0, 0),
(7, 14004, 1, -365.271, 1426.16, 26.1823, 7000, 0, 0, 0, 0, 0, 0, 0),
(7, 14004, 2, -352.297, 1431.71, 26.4858, 7000, 0, 0, 0, 0, 0, 0, 0),
(7, 14004, 3, -361.498, 1415.03, 27.7591, 1000, 0, 0, 0, 0, 0, 0, 0),
(7, 14004, 4, -351.31, 1424.34, 27.8933, 2000, 0, 0, 0, 0, 0, 0, 0),
(7, 14005, 1, -437.276, 1537.13, 18.666, 3000, 0, 0, 0, 0, 0, 0, 0),
(7, 14005, 2, -430.453, 1520.86, 18.6413, 2000, 0, 0, 0, 0, 0, 0, 0),
(7, 14005, 3, -433.782, 1530.61, 18.7012, 1000, 0, 0, 0, 0, 0, 0, 0),
(7, 14005, 4, -441.633, 1526, 18.7332, 4000, 0, 0, 0, 0, 0, 0, 0),
(7, 14006, 1, -345.369, 1619.93, 17.0349, 7000, 0, 0, 0, 0, 0, 0, 0),
(7, 14006, 2, -343.821, 1613.35, 17.0351, 1000, 0, 0, 0, 0, 0, 0, 0),
(7, 14006, 3, -348.481, 1594.35, 16.9531, 6000, 0, 0, 0, 0, 0, 0, 0),
(7, 14006, 4, -345.445, 1615.36, 16.9813, 1000, 0, 0, 0, 0, 0, 0, 0),
(7, 14007, 1, -424.597, 1567.07, 18.6695, 2000, 0, 0, 0, 0, 0, 0, 0),
(7, 14007, 2, -421.165, 1576.75, 18.5655, 7000, 0, 0, 0, 0, 0, 0, 0),
(7, 14007, 3, -418.994, 1574.13, 18.5766, 1000, 0, 0, 0, 0, 0, 0, 0),
(7, 14007, 4, -411.78, 1578.62, 18.7376, 6000, 0, 0, 0, 0, 0, 0, 0),
(7, 14008, 1, -438.147, 1517.54, 18.751, 3000, 0, 0, 0, 0, 0, 0, 0),
(7, 14008, 2, -428.903, 1513.66, 18.4906, 1000, 0, 0, 0, 0, 0, 0, 0),
(7, 14008, 3, -433.018, 1521.19, 18.5256, 3000, 0, 0, 0, 0, 0, 0, 0),
(7, 14008, 4, -431.868, 1521.57, 18.5256, 7000, 0, 0, 0, 0, 0, 0, 0),
(7, 14009, 1, -359.312, 1519.38, 24.242, 1000, 0, 0, 0, 0, 0, 0, 0),
(7, 14009, 2, -355.825, 1534.92, 24.2056, 3000, 0, 0, 0, 0, 0, 0, 0),
(7, 14009, 3, -363.11, 1526.44, 24.2153, 1000, 0, 0, 0, 0, 0, 0, 0),
(7, 14009, 4, -366.174, 1526.24, 24.2358, 7000, 0, 0, 0, 0, 0, 0, 0),
(7, 14010, 1, -434.703, 1558.68, 18.6354, 3000, 0, 0, 0, 0, 0, 0, 0),
(7, 14010, 2, -426.493, 1560.97, 18.3103, 1000, 0, 0, 0, 0, 0, 0, 0),
(7, 14010, 3, -436.696, 1564.36, 18.7298, 2000, 0, 0, 0, 0, 0, 0, 0),
(7, 14010, 4, -432.187, 1565.17, 18.648, 7000, 0, 0, 0, 0, 0, 0, 0),
(7, 14011, 1, -374.128, 1536.13, 18.0763, 3000, 0, 0, 0, 0, 0, 0, 0),
(7, 14011, 2, -367.712, 1544.53, 24.1715, 1000, 0, 0, 0, 0, 0, 0, 0),
(7, 14011, 3, -362.15, 1548.86, 23.9304, 1000, 0, 0, 0, 0, 0, 0, 0),
(7, 14011, 4, -364.108, 1552.14, 22.5282, 5000, 0, 0, 0, 0, 0, 0, 0),
(7, 14012, 1, -343.172, 1603.05, 16.9813, 3000, 0, 0, 0, 0, 0, 0, 0),
(7, 14012, 2, -349.007, 1605.43, 16.9813, 7000, 0, 0, 0, 0, 0, 0, 0),
(7, 14012, 3, -342.481, 1593.06, 16.9813, 2000, 0, 0, 0, 0, 0, 0, 0),
(7, 14012, 4, -344.494, 1605.05, 16.9813, 1000, 0, 0, 0, 0, 0, 0, 0),
(7, 14014, 1, -397.987, 1452.85, 25.8154, 6000, 0, 0, 0, 0, 0, 0, 0),
(7, 14014, 2, -407.415, 1466.41, 26.0671, 2000, 0, 0, 0, 0, 0, 0, 0),
(7, 14014, 3, -413.386, 1442.14, 25.8542, 6000, 0, 0, 0, 0, 0, 0, 0),
(7, 14014, 4, -411.306, 1439.88, 25.7393, 2000, 0, 0, 0, 0, 0, 0, 0),
(7, 14016, 1, -334.446, 1546.73, 30.0171, 3000, 0, 0, 0, 0, 0, 0, 0),
(7, 14016, 2, -340.73, 1546.91, 31.4359, 1000, 0, 0, 0, 0, 0, 0, 0),
(7, 14016, 3, -339.199, 1548.75, 30.0197, 1000, 0, 0, 0, 0, 0, 0, 0),
(7, 14016, 4, -337.02, 1545.53, 30.0228, 2000, 0, 0, 0, 0, 0, 0, 0),
(7, 14016, 5, -336.709, 1548.37, 30.0091, 3000, 0, 0, 0, 0, 0, 0, 0),
(7, 14016, 6, -336.586, 1543.51, 30.0325, 3000, 0, 0, 0, 0, 0, 0, 0),
(7, 14016, 7, -339.522, 1543.79, 30.0355, 0, 0, 0, 0, 0, 0, 0, 0),
(7, 14016, 8, -336.006, 1548.8, 30.007, 3000, 0, 0, 0, 0, 0, 0, 0),
(7, 14016, 9, -341.095, 1548.15, 31.4145, 6000, 0, 0, 0, 0, 0, 0, 0),
(7, 14016, 10, -339.557, 1545.11, 30.0323, 2000, 0, 0, 0, 0, 0, 0, 0),
(7, 14019, 1, -377.263, 1658.69, 17.2417, 6000, 0, 0, 0, 0, 0, 0, 0),
(7, 14019, 2, -378.928, 1652.95, 16.9813, 6000, 0, 0, 0, 0, 0, 0, 0),
(7, 14019, 3, -375.196, 1655.15, 16.9813, 3000, 0, 0, 0, 0, 0, 0, 0),
(7, 14019, 4, -379.379, 1655.85, 16.9813, 3000, 0, 0, 0, 0, 0, 0, 0),
(7, 14019, 5, -381.628, 1653.78, 16.9813, 7000, 0, 0, 0, 0, 0, 0, 0),
(7, 14024, 1, -446.188, 1539.48, 18.7554, 3000, 0, 0, 0, 0, 0, 0, 0),
(7, 14024, 2, -446.014, 1541.81, 18.7551, 1000, 0, 0, 0, 0, 0, 0, 0),
(7, 14024, 3, -438.728, 1538.48, 18.6622, 4000, 0, 0, 0, 0, 0, 0, 0),
(7, 14024, 4, -444.989, 1542.13, 18.7515, 1000, 0, 0, 0, 0, 0, 0, 0),
(7, 14026, 1, -385.501, 1614.04, 17.0917, 4000, 0, 0, 0, 0, 0, 0, 0),
(7, 14026, 2, -384.955, 1617.2, 16.2026, 2000, 0, 0, 0, 0, 0, 0, 0),
(7, 14026, 3, -386.918, 1615.23, 16.7994, 4000, 0, 0, 0, 0, 0, 0, 0),
(7, 14026, 4, -384.009, 1616.28, 16.9169, 4000, 0, 0, 0, 0, 0, 0, 0),
(7, 14026, 5, -389.048, 1619.74, 16.6849, 1000, 0, 0, 0, 0, 0, 0, 0),
(7, 14028, 1, -384.21, 1564.17, 17.2107, 7000, 0, 0, 0, 0, 0, 0, 0),
(7, 14028, 2, -384.287, 1562.08, 17.1806, 7000, 0, 0, 0, 0, 0, 0, 0),
(7, 14028, 3, -384.268, 1563.38, 17.2107, 2000, 0, 0, 0, 0, 0, 0, 0),
(7, 14028, 4, -383.796, 1559.28, 17.0152, 7000, 0, 0, 0, 0, 0, 0, 0),
(7, 14028, 5, -382.123, 1562.94, 17.2728, 7000, 0, 0, 0, 0, 0, 0, 0),
(7, 14029, 1, -416.402, 1547.68, 17.6904, 0, 0, 1, 0, 1, 0, 0, 0),
(7, 14029, 2, -428.44, 1552.73, 18.3263, 0, 0, 1, 0, 1, 0, 0, 0),
(7, 14029, 3, -423.49, 1551.35, 18.3652, 0, 0, 1, 0, 1, 0, 0, 0),
(7, 14029, 4, -415.466, 1546.56, 17.5574, 0, 0, 1, 0, 1, 0, 0, 0),
(7, 14029, 5, -414.934, 1541, 17.3527, 0, 0, 1, 0, 1, 0, 0, 0),
(7, 14029, 6, -419.645, 1537.14, 17.5428, 0, 0, 1, 0, 1, 0, 0, 0),
(7, 14029, 7, -424.713, 1531.67, 18.2238, 0, 0, 1, 0, 1, 0, 0, 0),
(7, 14029, 8, -429.78, 1525.6, 18.5857, 0, 0, 1, 0, 1, 0, 0, 0),
(7, 14029, 9, -423.978, 1532.29, 18.1481, 0, 0, 1, 0, 1, 0, 0, 0),
(7, 14029, 10, -416.547, 1538.62, 17.1268, 0, 0, 1, 0, 1, 0, 0, 0),
(7, 14029, 11, -409.072, 1544.23, 17.0097, 0, 0, 1, 0, 1, 0, 0, 0),
(7, 14029, 12, -400.626, 1550.87, 16.8233, 0, 0, 1, 0, 1, 0, 0, 0),
(7, 14029, 13, -392.308, 1555.83, 17.1561, 0, 0, 1, 0, 1, 0, 0, 0),
(7, 14029, 14, -387.686, 1555.04, 16.758, 0, 0, 1, 0, 1, 0, 0, 0),
(7, 14029, 15, -390.041, 1544.13, 16.805, 0, 0, 1, 0, 1, 0, 0, 0),
(7, 14029, 16, -392.292, 1535.09, 16.8719, 0, 0, 1, 0, 1, 0, 0, 0),
(7, 14029, 17, -400.952, 1536.79, 17.1363, 0, 0, 1, 0, 1, 0, 0, 0),
(7, 14029, 18, -410.566, 1543.32, 17.177, 0, 0, 1, 0, 1, 0, 0, 0),
(7, 14041, 1, -406.948, 1549.4, 16.859, 4000, 0, 0, 0, 0, 0, 0, 0),
(7, 14041, 2, -399.033, 1550.02, 16.9448, 7000, 0, 0, 0, 0, 0, 0, 0),
(7, 14041, 3, -396.029, 1547.98, 16.8669, 6000, 0, 0, 0, 0, 0, 0, 0),
(7, 14041, 4, -396.179, 1543.51, 17.0508, 4000, 0, 0, 0, 0, 0, 0, 0),
(7, 14042, 1, -377.84, 1623.71, 16.9813, 4000, 0, 0, 0, 0, 0, 0, 0),
(7, 14042, 2, -375.688, 1628.82, 16.9813, 1000, 0, 0, 0, 0, 0, 0, 0),
(7, 14042, 3, -375.186, 1622.54, 16.9813, 1000, 0, 0, 0, 0, 0, 0, 0),
(7, 14042, 4, -377.396, 1623.46, 16.9813, 2000, 0, 0, 0, 0, 0, 0, 0),
(7, 14042, 5, -376.228, 1627.39, 16.9813, 7000, 0, 0, 0, 0, 0, 0, 0);

